<?xml version="1.0" encoding="UTF-8" standalone="yes"?>
<importOrderDetails>
    <importOrderDetail>
        <id>IMP00052</id>
        <importOrderId>PN00011</importOrderId>
        <productId>PRD003</productId>
        <productName>Aquafina</productName>
        <quantity>20</quantity>
        <totalPrice>400000.0</totalPrice>
        <unitPrice>20000.0</unitPrice>
    </importOrderDetail>
    <importOrderDetail>
        <id>IMP00053</id>
        <importOrderId>PN00011</importOrderId>
        <productId>PRD005</productId>
        <productName>Kẹo Mentos</productName>
        <quantity>20</quantity>
        <totalPrice>400000.0</totalPrice>
        <unitPrice>20000.0</unitPrice>
    </importOrderDetail>
    <importOrderDetail>
        <id>IMP00003</id>
        <importOrderId>PN00001</importOrderId>
        <productId>PRD002</productId>
        <productName>Pepsi</productName>
        <quantity>20</quantity>
        <totalPrice>4.0E7</totalPrice>
        <unitPrice>2000000.0</unitPrice>
    </importOrderDetail>
</importOrderDetails>
